{"count":1,"self":72121.352191999991,"total":199364.87561629998,"children":{"InitializeActuators":{"count":64,"self":0.0019919,"total":0.0019919,"children":null},"InitializeSensors":{"count":64,"self":0.0049869,"total":0.0049869,"children":null},"AgentSendState":{"count":1169638,"self":98.53088,"total":840.0543652,"children":{"CollectObservations":{"count":37428416,"self":425.8701824,"total":425.87019269999996,"children":null},"WriteActionMask":{"count":37428416,"self":18.2292432,"total":18.229243399999998,"children":null},"RequestDecision":{"count":37428416,"self":79.7985344,"total":297.42405199999996,"children":{"AgentInfo.ToProto":{"count":37428416,"self":60.060121599999995,"total":217.6255158,"children":{"GenerateSensorData":{"count":37428416,"self":157.5653888,"total":157.56539229999998,"children":null}}}}}}},"DecideAction":{"count":1169638,"self":125257.39704319999,"total":125257.4033526,"children":null},"AgentAct":{"count":1169638,"self":1141.9899904,"total":1141.9899744,"children":null},"AgentInfo.ToProto":{"count":290348,"self":1.3146707,"total":4.0689908,"children":{"GenerateSensorData":{"count":290348,"self":2.75432,"total":2.7543200999999997,"children":null}}}},"gauges":{"Pong.CumulativeReward":{"count":290348,"max":1,"min":-1,"runningAverage":7.91123157E-12,"value":1,"weightedAverage":0.04942497}},"metadata":{"timer_format_version":"0.1.0","start_time_seconds":"1706513349","unity_version":"2022.3.4f1","command_line_arguments":"C:\\Unity\\2022.3.4f1\\Editor\\Unity.exe -projectpath C:\\Unity\\Pingpong-human -useHub -hubIPC -cloudEnvironment production -licensingIpc LicenseClient-N2308573D -hubSessionId bd256092-7064-4c21-8b6c-5d5dbf29dfd3 -accessToken XcYH4JdR5arnXEdLhOEfOsQQLmk1o7EJJ9adrkxRfJo011f","communication_protocol_version":"1.5.0","com.unity.ml-agents_version":"2.0.1","scene_name":"TableTennis human train","end_time_seconds":"1706712714"}}