{"count":1,"self":18492.946841599998,"total":103844.58074749999,"children":{"InitializeActuators":{"count":64,"self":0.0025107,"total":0.0025107,"children":null},"InitializeSensors":{"count":64,"self":0.0027986,"total":0.0027986,"children":null},"AgentSendState":{"count":1645339,"self":153.7642624,"total":1294.0142959,"children":{"CollectObservations":{"count":52650848,"self":620.9729536,"total":620.9729648,"children":null},"WriteActionMask":{"count":52650848,"self":25.0633792,"total":25.0633788,"children":null},"RequestDecision":{"count":52650848,"self":120.5674112,"total":494.21368709999996,"children":{"AgentInfo.ToProto":{"count":52650848,"self":100.61544959999999,"total":373.64627559999997,"children":{"GenerateSensorData":{"count":52650848,"self":273.0308352,"total":273.0308255,"children":null}}}}}}},"DecideAction":{"count":1645339,"self":82542.723072,"total":82542.72339,"children":null},"AgentAct":{"count":1645339,"self":1509.9211776,"total":1509.9211831,"children":null},"AgentInfo.ToProto":{"count":319636,"self":1.6656845999999998,"total":4.9671501,"children":{"GenerateSensorData":{"count":319636,"self":3.3014655999999998,"total":3.3014655,"children":null}}}},"gauges":{"Pong.CumulativeReward":{"count":319636,"max":1,"min":-1,"runningAverage":-6.16648963E-12,"value":1,"weightedAverage":0.0278029665}},"metadata":{"timer_format_version":"0.1.0","start_time_seconds":"1702365427","unity_version":"2022.3.4f1","command_line_arguments":"C:\\Unity\\2022.3.4f1\\Editor\\Unity.exe -projectpath C:\\Unity\\Pingpong-human -useHub -hubIPC -cloudEnvironment production -licensingIpc LicenseClient-N2308573D -hubSessionId 4ef552ba-5b51-4709-af83-f67721078600 -accessToken Ea7LcttcT87_fEGKYxKHrtZqBxGqy4cqDD0mfL7_8eQ011f","communication_protocol_version":"1.5.0","com.unity.ml-agents_version":"2.0.1","scene_name":"TableTennis human","end_time_seconds":"1702469271"}}